po_number,project,status,errors
10000460,CE001AYAE25,SALTADA,
10000461,CE001AYAE25,SALTADA,
10000465,CE001AYAE25,ACTUALIZADA,
10000465,CE001AYAE25,ACTUALIZADA,
10000465,CE001AYAE25,ACTUALIZADA,
10000465,CE001AYAE25,SALTADA,
10000465,CE001AYAE25,ACTUALIZADA,
10000466,CE001AYAE25,ACTUALIZADA,
10000466,CE001AYAE25,ACTUALIZADA,
10000466,CE001AYAE25,SALTADA,
10000466,CE001AYAE25,ACTUALIZADA,
10000467,CE001AYAE25,ACTUALIZADA,
10000467,CE001AYAE25,ACTUALIZADA,
10000467,CE001AYAE25,ACTUALIZADA,
10000467,CE001AYAE25,SALTADA,
10000467,CE001AYAE25,SALTADA,
10000469,CE001AYAE25,ACTUALIZADA,
10000469,CE001AYAE25,ACTUALIZADA,
10000469,CE001AYAE25,SALTADA,
10000469,CE001AYAE25,ACTUALIZADA,
10000469,CE001AYAE25,ACTUALIZADA,
10000469,CE001AYAE25,ACTUALIZADA,
10000469,CE001AYAE25,SALTADA,
10000469,CE001AYAE25,SALTADA,
10000469,CE001AYAE25,ACTUALIZADA,
10000469,CE001AYAE25,ACTUALIZADA,
10000469,CE001AYAE25,ACTUALIZADA,
10000469,CE001AYAE25,SALTADA,
10000469,CE001AYAE25,ACTUALIZADA,
10000470,CE001AYAE25,SALTADA,
10000471,CE001AYAE25,SALTADA,
10000473,CE001AYAE25,SALTADA,
10000476,CE001AYAE25,SALTADA,
10000476,CE001AYAE25,SALTADA,
10000483,CE003AYAE25,SALTADA,
10000483,CE003AYAE25,SALTADA,
10000483,CE003AYAE25,SALTADA,
10000483,CE003AYAE25,SALTADA,
10000483,CE003AYAE25,SALTADA,
10000483,CE003AYAE25,SALTADA,
10000484,CE003AYAE25,SALTADA,
10000485,CE003AYAE25,SALTADA,
10000531,CE003AYAE25,SALTADA,
10000544,CE003AYAE25,CREADA,
10000544,CE001AYAE25,CREADA,
10000544,CE003AYAE25,SALTADA,
10000544,CE003AYAE25,SALTADA,
10000544,CE001AYAE25,SALTADA,
10000544,CE002AYAE25,SALTADA,
10000544,CE002AYAE25,SALTADA,
10000544,CE002AYAE25,SALTADA,
10000544,CE002AYAE25,SALTADA,
10000544,CE002AYAE25,SALTADA,
10000547,CE002AYAE25,SALTADA,
10000574,CE002AYAE25,SALTADA,
10000575,CE002AYAE25,SALTADA,
10000646,CE002AYAE25,SALTADA,
10000647,CE002AYAE25,SALTADA,
10000659,CE002AYAE25,SALTADA,
10000659,CE002AYAE25,SALTADA,
10000659,CE003AYAE25,CREADA,
10000659,CE001AYAE25,CREADA,
10000659,CE002AYAE25,SALTADA,
10000661,CE002AYAE25,CREADA,
10000661,CE002AYAE25,SALTADA,
10000661,CE003AYAE25,CREADA,
10000661,CE001AYAE25,SALTADA,
10000670,CE003AYAE25,SALTADA,
10000670,CE003AYAE25,SALTADA,
10000676,CE002AYAE25,SALTADA,
10000681,CE001AYAE25,SALTADA,
10000686,CE001AYAE25,SALTADA,
10000687,CE001AYAE25,SALTADA,
10000688,CE001AYAE25,SALTADA,
10000704,CE001AYAE25,SALTADA,
10000744,CE001AYAE25,SALTADA,
10000765,CE001AYAE25,SALTADA,
10000765,CE001AYAE25,SALTADA,
10000789,CE001AYAE25,SALTADA,
10000859,CE001AYAE25,SALTADA,
